{
    "ridge_homo": {
        "best_value": 0.5870052304513477,
        "best_params": {
            "alpha": 191.26642641622044
        }
    },
    "ridge_lumo": {
        "best_value": 0.4452043292763295,
        "best_params": {
            "alpha": 184.2398043401712
        }
    },
    "xgb_energy": {
        "best_value": 1102.9900894655632,
        "best_params": {
            "n_estimators": 840,
            "max_depth": 8,
            "learning_rate": 0.003576703131387204,
            "subsample": 0.9781892041233816,
            "colsample_bytree": 0.7969350666484526,
            "min_child_weight": 3,
            "reg_alpha": 4.84830959230051e-07,
            "reg_lambda": 0.111514192539799,
            "gamma": 0.0006202567337531475
        }
    }
}